{"version": "1", "message": "ERROR: Hidden Testcases server unreachable.", "problem_id": "ADS-1 remedial-2", "user_id": "Arepallyrakesh", "score": {"sample": {"0": {"execution_time": 0.29305315017700195, "passed": false}, "1": {"execution_time": 0.2897791862487793, "passed": false}, "2": {"execution_time": 0.26550865173339844, "passed": false}, "3": {"execution_time": 0.296811580657959, "passed": false}, "4": {"execution_time": 0.2626488208770752, "passed": false}, "5": {"execution_time": 0.27869439125061035, "passed": false}, "6": {"execution_time": 0.2388172149658203, "passed": false}, "7": {"execution_time": 0.2776491641998291, "passed": false}, "8": {"execution_time": 0.2716786861419678, "passed": false}, "9": {"execution_time": 0.23983311653137207, "passed": false}}}, "check_style_score": "0/1"}