{"version": "1", "message": "ERROR: Hidden Testcases server unreachable.", "problem_id": "ADS-1 remedial-2", "user_id": "Arepallyrakesh", "score": {"sample": {"0": {"execution_time": 0.251422643661499, "passed": false}, "1": {"execution_time": 0.30202293395996094, "passed": false}, "2": {"execution_time": 0.2584378719329834, "passed": false}, "3": {"execution_time": 0.23447895050048828, "passed": false}, "4": {"execution_time": 0.2437591552734375, "passed": false}, "5": {"execution_time": 0.2792477607727051, "passed": false}, "6": {"execution_time": 0.24101805686950684, "passed": false}, "7": {"execution_time": 0.25925302505493164, "passed": false}, "8": {"execution_time": 0.238267183303833, "passed": false}, "9": {"execution_time": 0.265561580657959, "passed": false}}}, "check_style_score": "0/1"}