{"version": "1", "message": "ERROR: Hidden Testcases server unreachable.", "problem_id": "ADS-1 remedial-2", "user_id": "Arepallyrakesh", "score": {"sample": {"0": {"execution_time": 0.2655608654022217, "passed": true}, "1": {"execution_time": 0.2429485321044922, "passed": false}, "2": {"execution_time": 0.19791436195373535, "passed": false}, "3": {"execution_time": 0.22385597229003906, "passed": false}, "4": {"execution_time": 0.2625000476837158, "passed": false}, "5": {"execution_time": 0.250272274017334, "passed": false}, "6": {"execution_time": 0.2346508502960205, "passed": false}, "7": {"execution_time": 0.25026988983154297, "passed": false}, "8": {"execution_time": 0.2500936985015869, "passed": false}, "9": {"execution_time": 0.20322895050048828, "passed": false}}}, "check_style_score": "0/1"}