{"version": "1", "message": "ERROR: Hidden Testcases server unreachable.", "problem_id": "ADS-1 remedial-2", "user_id": "Arepallyrakesh", "score": {"sample": {"0": {"execution_time": 0.2794332504272461, "passed": false}, "1": {"execution_time": 0.28998613357543945, "passed": false}, "2": {"execution_time": 0.28134703636169434, "passed": false}, "3": {"execution_time": 0.28133606910705566, "passed": false}, "4": {"execution_time": 0.25028085708618164, "passed": false}, "5": {"execution_time": 0.2749021053314209, "passed": false}, "6": {"execution_time": 0.26109743118286133, "passed": false}, "7": {"execution_time": 0.2777566909790039, "passed": false}, "8": {"execution_time": 0.26567625999450684, "passed": false}, "9": {"execution_time": 0.25014162063598633, "passed": false}}}, "check_style_score": "0/1"}