{"version": "1", "message": "ERROR: Hidden Testcases server unreachable.", "problem_id": "ADS-1 remedial-2", "user_id": "Arepallyrakesh", "score": {"sample": {"0": {"execution_time": 0.27326178550720215, "passed": false}, "1": {"execution_time": 0.24391865730285645, "passed": false}, "2": {"execution_time": 0.24994564056396484, "passed": false}, "3": {"execution_time": 0.24994850158691406, "passed": false}, "4": {"execution_time": 0.31243133544921875, "passed": false}, "5": {"execution_time": 0.24994659423828125, "passed": false}, "6": {"execution_time": 0.25008249282836914, "passed": false}, "7": {"execution_time": 0.24553513526916504, "passed": false}, "8": {"execution_time": 0.25716400146484375, "passed": false}, "9": {"execution_time": 0.2575490474700928, "passed": false}}}, "check_style_score": "0/1"}