{"version": "1", "message": "ERROR: Hidden Testcases server unreachable.", "problem_id": "ADS-1 remedial-2", "user_id": "Arepallyrakesh", "score": {"sample": {"0": {"execution_time": 0.23431992530822754, "passed": false}, "1": {"execution_time": 0.21869587898254395, "passed": false}, "2": {"execution_time": 0.21875762939453125, "passed": false}, "3": {"execution_time": 0.20308136940002441, "passed": false}, "4": {"execution_time": 0.2281501293182373, "passed": false}, "5": {"execution_time": 0.22459840774536133, "passed": false}, "6": {"execution_time": 0.22245192527770996, "passed": false}, "7": {"execution_time": 0.20314455032348633, "passed": false}, "8": {"execution_time": 0.20313143730163574, "passed": false}, "9": {"execution_time": 0.21869826316833496, "passed": false}}}, "check_style_score": "0/1"}