{"version": "1", "message": "ERROR: Hidden Testcases server unreachable.", "problem_id": "ADS-1 remedial-2", "user_id": "Arepallyrakesh", "score": {"sample": {"0": {"execution_time": 0.2530863285064697, "passed": true}, "1": {"execution_time": 0.28118419647216797, "passed": false}, "2": {"execution_time": 0.24721169471740723, "passed": false}, "3": {"execution_time": 0.22844791412353516, "passed": false}, "4": {"execution_time": 0.2401745319366455, "passed": false}, "5": {"execution_time": 0.2271256446838379, "passed": false}, "6": {"execution_time": 0.23650240898132324, "passed": false}, "7": {"execution_time": 0.2243633270263672, "passed": false}, "8": {"execution_time": 0.2312619686126709, "passed": false}, "9": {"execution_time": 0.23447680473327637, "passed": false}}}, "check_style_score": "0/1"}