{"version": "1", "message": "ERROR: Hidden Testcases server unreachable.", "problem_id": "ADS-1 remedial-2", "user_id": "Arepallyrakesh", "score": {"sample": {"0": {"execution_time": 0.24994158744812012, "passed": true}, "1": {"execution_time": 0.2034435272216797, "passed": false}, "2": {"execution_time": 0.20342230796813965, "passed": false}, "3": {"execution_time": 0.2813451290130615, "passed": false}, "4": {"execution_time": 0.23465824127197266, "passed": false}, "5": {"execution_time": 0.23961782455444336, "passed": false}, "6": {"execution_time": 0.24264168739318848, "passed": false}, "7": {"execution_time": 0.23431921005249023, "passed": false}, "8": {"execution_time": 0.2499408721923828, "passed": false}, "9": {"execution_time": 0.2190406322479248, "passed": false}}}, "check_style_score": "0/1"}