{"version": "1", "message": "ERROR: Hidden Testcases server unreachable.", "problem_id": "ADS-1 remedial-2", "user_id": "Arepallyrakesh", "score": {"sample": {"0": {"execution_time": 0.3124258518218994, "passed": true}, "1": {"execution_time": 0.28118348121643066, "passed": false}, "2": {"execution_time": 0.2814772129058838, "passed": false}, "3": {"execution_time": 0.3192918300628662, "passed": false}, "4": {"execution_time": 0.2860219478607178, "passed": false}, "5": {"execution_time": 0.2813403606414795, "passed": false}, "6": {"execution_time": 0.2657175064086914, "passed": false}, "7": {"execution_time": 0.2967996597290039, "passed": false}, "8": {"execution_time": 0.29680967330932617, "passed": false}, "9": {"execution_time": 0.28883838653564453, "passed": false}}}, "check_style_score": "0/1"}