{"version": "1", "message": "ERROR: Hidden Testcases server unreachable.", "problem_id": "ADS-1 remedial-2", "user_id": "Arepallyrakesh", "score": {"sample": {"0": {"execution_time": 0.2753028869628906, "passed": false}, "1": {"execution_time": 0.2439439296722412, "passed": false}, "2": {"execution_time": 0.24994182586669922, "passed": false}, "3": {"execution_time": 0.2655634880065918, "passed": false}, "4": {"execution_time": 0.24994158744812012, "passed": false}, "5": {"execution_time": 0.2499394416809082, "passed": false}, "6": {"execution_time": 0.24994325637817383, "passed": false}, "7": {"execution_time": 0.2499403953552246, "passed": false}, "8": {"execution_time": 0.24994277954101562, "passed": false}, "9": {"execution_time": 0.2499408721923828, "passed": false}}}, "check_style_score": "0/1"}