{"version": "1", "message": "ERROR: Hidden Testcases server unreachable.", "problem_id": "ADS-1 remedial-2", "user_id": "Arepallyrakesh", "score": {"sample": {"0": {"execution_time": 0.4091317653656006, "passed": false}, "1": {"execution_time": 0.28118228912353516, "passed": false}, "2": {"execution_time": 0.28118324279785156, "passed": false}, "3": {"execution_time": 0.2813377380371094, "passed": false}, "4": {"execution_time": 0.3429408073425293, "passed": false}, "5": {"execution_time": 0.2906773090362549, "passed": false}, "6": {"execution_time": 0.3045811653137207, "passed": false}, "7": {"execution_time": 0.30158567428588867, "passed": false}, "8": {"execution_time": 0.26473259925842285, "passed": false}, "9": {"execution_time": 0.2346656322479248, "passed": false}}}, "check_style_score": "0/1"}