{"version": "1", "message": "ERROR: Hidden Testcases server unreachable.", "problem_id": "ADS-1 remedial-2", "user_id": "Arepallyrakesh", "score": {"sample": {"0": {"execution_time": 0.2811870574951172, "passed": false}, "1": {"execution_time": 0.26572322845458984, "passed": false}, "2": {"execution_time": 0.2657167911529541, "passed": false}, "3": {"execution_time": 0.29680776596069336, "passed": false}, "4": {"execution_time": 0.2657341957092285, "passed": false}, "5": {"execution_time": 0.3072381019592285, "passed": false}, "6": {"execution_time": 0.25734424591064453, "passed": false}, "7": {"execution_time": 0.2505671977996826, "passed": false}, "8": {"execution_time": 0.2813284397125244, "passed": false}, "9": {"execution_time": 0.25010013580322266, "passed": false}}}, "check_style_score": "0/1"}