{"version": "1", "message": "ERROR: Hidden Testcases server unreachable.", "problem_id": "ADS-1 remedial-2", "user_id": "Arepallyrakesh", "score": {"sample": {"0": {"execution_time": 0.3054087162017822, "passed": false}, "1": {"execution_time": 0.3239293098449707, "passed": false}, "2": {"execution_time": 0.3749103546142578, "passed": false}, "3": {"execution_time": 0.29680585861206055, "passed": false}, "4": {"execution_time": 0.28118348121643066, "passed": false}, "5": {"execution_time": 0.27500200271606445, "passed": false}, "6": {"execution_time": 0.25974059104919434, "passed": false}, "7": {"execution_time": 0.2914903163909912, "passed": false}, "8": {"execution_time": 0.25418543815612793, "passed": false}, "9": {"execution_time": 0.40615391731262207, "passed": false}}}, "check_style_score": "0/1"}