{"version": "1", "message": "ERROR: Hidden Testcases server unreachable.", "problem_id": "ADS-1 remedial-2", "user_id": "Arepallyrakesh", "score": {"sample": {"0": {"execution_time": 0.25495338439941406, "passed": true}, "1": {"execution_time": 0.25010013580322266, "passed": false}, "2": {"execution_time": 0.36004137992858887, "passed": false}, "3": {"execution_time": 0.27628183364868164, "passed": false}, "4": {"execution_time": 0.2544071674346924, "passed": false}, "5": {"execution_time": 0.21997690200805664, "passed": false}, "6": {"execution_time": 0.2519993782043457, "passed": false}, "7": {"execution_time": 0.3119995594024658, "passed": false}, "8": {"execution_time": 0.2543458938598633, "passed": false}, "9": {"execution_time": 0.2295055389404297, "passed": false}}}, "check_style_score": "0/1"}