{"version": "1", "message": "ERROR: Hidden Testcases server unreachable.", "problem_id": "ADS-1 remedial-2", "user_id": "Arepallyrakesh", "score": {"sample": {"0": {"execution_time": 0.2811868190765381, "passed": false}, "1": {"execution_time": 0.24994802474975586, "passed": false}, "2": {"execution_time": 0.24994564056396484, "passed": false}, "3": {"execution_time": 0.24994730949401855, "passed": false}, "4": {"execution_time": 0.25001025199890137, "passed": false}, "5": {"execution_time": 0.24994707107543945, "passed": false}, "6": {"execution_time": 0.24994659423828125, "passed": false}, "7": {"execution_time": 0.24994921684265137, "passed": false}, "8": {"execution_time": 0.25504326820373535, "passed": false}, "9": {"execution_time": 0.23465633392333984, "passed": false}}}, "check_style_score": "0/1"}