{"version": "1", "message": "ERROR: Hidden Testcases server unreachable.", "problem_id": "ADS-1 remedial-2", "user_id": "Arepallyrakesh", "score": {"sample": {"0": {"execution_time": 0.23432135581970215, "passed": false}, "1": {"execution_time": 0.23431038856506348, "passed": false}, "2": {"execution_time": 0.21869921684265137, "passed": false}, "3": {"execution_time": 0.2030773162841797, "passed": false}, "4": {"execution_time": 0.203078031539917, "passed": false}, "5": {"execution_time": 0.21869826316833496, "passed": false}, "6": {"execution_time": 0.21869921684265137, "passed": false}, "7": {"execution_time": 0.21870160102844238, "passed": false}, "8": {"execution_time": 0.20313167572021484, "passed": false}, "9": {"execution_time": 0.225175142288208, "passed": false}}}, "check_style_score": "0/1"}