{"version": "1", "message": "ERROR: Hidden Testcases server unreachable.", "problem_id": "ADS-1 remedial-2", "user_id": "Arepallyrakesh", "score": {"sample": {"0": {"execution_time": 0.28022003173828125, "passed": false}, "1": {"execution_time": 0.26572680473327637, "passed": false}, "2": {"execution_time": 0.26571059226989746, "passed": false}, "3": {"execution_time": 0.2741363048553467, "passed": false}, "4": {"execution_time": 0.2687530517578125, "passed": false}, "5": {"execution_time": 0.30606579780578613, "passed": false}, "6": {"execution_time": 0.2968027591705322, "passed": false}, "7": {"execution_time": 0.28118348121643066, "passed": false}, "8": {"execution_time": 0.2815067768096924, "passed": false}, "9": {"execution_time": 0.23464536666870117, "passed": false}}}, "check_style_score": "0/1"}