{"version": "1", "message": "ERROR: Hidden Testcases server unreachable.", "problem_id": "ADS-1 remedial-2", "user_id": "Arepallyrakesh", "score": {"sample": {"0": {"execution_time": 0.2656214237213135, "passed": false}, "1": {"execution_time": 0.24994397163391113, "passed": false}, "2": {"execution_time": 0.2499985694885254, "passed": false}, "3": {"execution_time": 0.24994683265686035, "passed": false}, "4": {"execution_time": 0.2499985694885254, "passed": false}, "5": {"execution_time": 0.25616979598999023, "passed": false}, "6": {"execution_time": 0.24561476707458496, "passed": false}, "7": {"execution_time": 0.2577071189880371, "passed": false}, "8": {"execution_time": 0.2590010166168213, "passed": false}, "9": {"execution_time": 0.24144983291625977, "passed": false}}}, "check_style_score": "0/1"}