{"version": "1", "message": "ERROR: Hidden Testcases server unreachable.", "problem_id": "ADS-1 remedial-2", "user_id": "Arepallyrakesh", "score": {"sample": {"0": {"execution_time": 0.23480463027954102, "passed": false}, "1": {"execution_time": 0.21875548362731934, "passed": false}, "2": {"execution_time": 0.20413637161254883, "passed": false}, "3": {"execution_time": 0.23431849479675293, "passed": false}, "4": {"execution_time": 0.2030777931213379, "passed": false}, "5": {"execution_time": 0.2030777931213379, "passed": false}, "6": {"execution_time": 0.21869635581970215, "passed": false}, "7": {"execution_time": 0.21885156631469727, "passed": false}, "8": {"execution_time": 0.20307469367980957, "passed": false}, "9": {"execution_time": 0.21869635581970215, "passed": false}}}, "check_style_score": "0/1"}