{"version": "1", "message": "ERROR: Hidden Testcases server unreachable.", "problem_id": "ADS-1 remedial-2", "user_id": "Arepallyrakesh", "score": {"sample": {"0": {"execution_time": 0.3059561252593994, "passed": false}, "1": {"execution_time": 0.2944447994232178, "passed": false}, "2": {"execution_time": 0.2789778709411621, "passed": false}, "3": {"execution_time": 0.28510379791259766, "passed": false}, "4": {"execution_time": 0.28745055198669434, "passed": false}, "5": {"execution_time": 0.3115360736846924, "passed": false}, "6": {"execution_time": 0.2672896385192871, "passed": false}, "7": {"execution_time": 0.27314233779907227, "passed": false}, "8": {"execution_time": 0.29680490493774414, "passed": false}, "9": {"execution_time": 0.29897022247314453, "passed": false}}}, "check_style_score": "0/1"}