{"version": "1", "message": "ERROR: Hidden Testcases server unreachable.", "problem_id": "ADS-1 remedial-2", "user_id": "Arepallyrakesh", "score": {"sample": {"0": {"execution_time": 0.31241726875305176, "passed": false}, "1": {"execution_time": 0.3131873607635498, "passed": false}, "2": {"execution_time": 0.2890174388885498, "passed": false}, "3": {"execution_time": 0.29680371284484863, "passed": false}, "4": {"execution_time": 0.3124215602874756, "passed": false}, "5": {"execution_time": 0.29680752754211426, "passed": false}, "6": {"execution_time": 0.2813427448272705, "passed": false}, "7": {"execution_time": 0.29511499404907227, "passed": false}, "8": {"execution_time": 0.26873779296875, "passed": false}, "9": {"execution_time": 0.28528499603271484, "passed": false}}}, "check_style_score": "0/1"}