{"version": "1", "message": "ERROR: Hidden Testcases server unreachable.", "problem_id": "ADS-1 remedial-2", "user_id": "Arepallyrakesh", "score": {"sample": {"0": {"execution_time": 0.3124253749847412, "passed": false}, "1": {"execution_time": 0.3353908061981201, "passed": false}, "2": {"execution_time": 0.29761719703674316, "passed": false}, "3": {"execution_time": 0.2968008518218994, "passed": false}, "4": {"execution_time": 0.2815272808074951, "passed": false}, "5": {"execution_time": 0.28133201599121094, "passed": false}, "6": {"execution_time": 0.2657124996185303, "passed": false}, "7": {"execution_time": 0.2770237922668457, "passed": false}, "8": {"execution_time": 0.2756161689758301, "passed": false}, "9": {"execution_time": 0.23687338829040527, "passed": false}}}, "check_style_score": "0/1"}