{"version": "1", "message": "ERROR: Hidden Testcases server unreachable.", "problem_id": "ADS-1 remedial-2", "user_id": "Arepallyrakesh", "score": {"sample": {"0": {"execution_time": 0.23448848724365234, "passed": false}, "1": {"execution_time": 0.23431873321533203, "passed": false}, "2": {"execution_time": 0.20307683944702148, "passed": false}, "3": {"execution_time": 0.2190542221069336, "passed": false}, "4": {"execution_time": 0.2343912124633789, "passed": false}, "5": {"execution_time": 0.2502291202545166, "passed": false}, "6": {"execution_time": 0.21903777122497559, "passed": false}, "7": {"execution_time": 0.21885895729064941, "passed": false}, "8": {"execution_time": 0.23199963569641113, "passed": false}, "9": {"execution_time": 0.1979210376739502, "passed": false}}}, "check_style_score": "0/1"}