{"version": "1", "message": "ERROR: Hidden Testcases server unreachable.", "problem_id": "ADS-1 remedial-2", "user_id": "Arepallyrakesh", "score": {"sample": {"0": {"execution_time": 0.24637603759765625, "passed": false}, "1": {"execution_time": 0.23446941375732422, "passed": false}, "2": {"execution_time": 0.23465299606323242, "passed": false}, "3": {"execution_time": 0.2502758502960205, "passed": false}, "4": {"execution_time": 0.25010108947753906, "passed": false}, "5": {"execution_time": 0.2344675064086914, "passed": false}, "6": {"execution_time": 0.22455334663391113, "passed": false}, "7": {"execution_time": 0.22924160957336426, "passed": false}, "8": {"execution_time": 0.24178314208984375, "passed": false}, "9": {"execution_time": 0.26964616775512695, "passed": false}}}, "check_style_score": "0/1"}